id,pair_id,player,condition,age,gender,dif_sex,employmeny,ethnicity,live_in,relationship_length,bpaq_score,thoughts_in_break,mean_blast_overall,mean_neg_blast_overall,mean_blast_g1,mean_neg_blast_g1,higher_blast
2024020511-01,2024020511,1,10,21,1,0,3,1,0,4,5,"I think the forced break gave us a lot of time to really consider what level we wanted to give, however I felt like most of the time I knew what level I was going to pick as soon as I won. I don't think there were many times when I changed my decision in the forced break. I think there were a couple of times where when my partner increased her blast level I upped mine slightly but for the most part I chose to keep them quite low.",2.071428571,2,1.666666667,1.833333333,TRUE
2024020512-02,2024020512,2,0,19,2,0,3,1,0,4,5,The break tended to reduce any heightened feelings and as the game progressed I tended to adjust to his patterns - he remained relatively kind with the sounds and from observing his reactions to the louder sounds I wanted to go lighter.,2.428571429,2.888888889,2.533333333,3.2,TRUE
2024020513-01,2024020513,1,0,20,1,0,3,1,1,10,7,I just made the blast pretty quiet most of the time as she did the same. But I did use the max so she could hear it at least once.,7,7.4,7.0625,8,TRUE
2024020513-02,2024020513,2,0,19,2,0,3,1,1,9,7,I didn’t find the forced break particularly impacted me and my thought process for the second part of the game. I based my blast levels on the previous response by my partner but also I would de escalate it if I thought we were blasting too high.,5.483870968,5.5,5.642857143,5.5,FALSE
2024020513-01,2024020513,1,0,22,1,0,3,3,0,18,4,"During the break, I shown off my happiness of winning to my partner and it sometimes increased the blast level. It is very much influenced by her previous response.",7,7.4,7.0625,8,TRUE
2024020513-02,2024020513,2,0,22,3,1,3,3,0,13,3,"Most of the time I feel happy and will send low blast level. I get a little bit angry when my partner send my high blast level after I keep sending low levels, so I will immediately send high level as a response. I feel uncomfortable when he ask me to put my headphone on so he can send the highest level and I can heard it. After that time, I send highest blast level.",5.483870968,5.5,5.642857143,5.5,FALSE
2024020515-02,2024020515,2,0,21,2,0,3,1,0,4,7,I felt pretty neutral during the break. We were playing the game but also chatting inbetween so it really didn’t feel to strenuous. My blast would have been determined by my partners response had he done anything other 1. But we saw in the first round how uncomfortable the noise was so I wouldn’t wanna subject him to that.,1.384615385,1.6,1.909090909,1.75,FALSE
2024020515-01,2024020515,1,0,21,1,0,3,1,0,4,7,"I didn’t feel any different than in the first part of the experiment. During the first series of blasts, we experimented with how different levels felt on a consensual basis and then for the second part only gave each other 1s. My blast level was not determined by my partner’s response, we both knew that the blast was unpleasant and wanted to minimise the discomfort we had to feel. That summarises my attitude towards the study. We did still compete to press the button first but that didn’t change the way we would rate the blasts. I would say that we got blasted relatively equally although maybe I won a bit more.",1.558823529,3.333333333,2,8,TRUE
2024020611-01,2024020611,1,0,22,1,0,3,2,0,2,3,Yes. And depending on what she said I would change my blast level but I felt that she would be fine regardless. I feel like I'm a competitive person but the only thing you could really gain to win is momentary domination which doesn't appeal too much to me.,NA,NA,NA,NA,NA
2024020611-02,2024020611,2,0,21,2,0,NA,1,0,2,6,"Yes, it was. I felt less nervous to do the higher numbers because he wasn’t afraid to do them, and felt less bad. I would usually decide which one I would do based on instinct but then second guess myself during the break, like maybe I should do more or maybe I should do less. I just wanted to make him feel comfortable and not feel bad that he was doing anything to me that wasn’t reciprocated, and also it felt right in the experiment. I of course found myself wanting to increase over time, but knowing how uncomfortable it was I felt bad.",NA,NA,NA,NA,NA
2024020614-01,2024020614,1,10,22,1,0,3,1,0,3,7,"I was slightly bored and often times made chit chat with my girlfriend. No the blast level was not determined by her previous response, I kept the blast level low the whole time.",1.361111111,1.272727273,1.684210526,1.75,TRUE
2024020614-02,2024020614,2,10,21,2,0,3,3,0,3,7,"My blast level was determined a bit by my partner’s response. I tried to focus more so that I could win the next round, but when we were laughing it was difficult to focus.",1.25,1.4,1.454545455,1.666666667,FALSE
2024020616-02,2024020616,2,0,21,2,0,NA,3,1,11,7,"I felt guilty if I had just chosen a higher blast level; I would say my decision was somewhat determined by my partner's previous respond, but not fully, and not all the times",NA,NA,NA,NA,NA
2024020616-01,2024020616,1,0,21,1,0,3,1,1,11,6,"Initially, after losing many in a row, I was going to press a higher number buy then I realised that my partners response will most likely be the same and so to protect muself Id lower the level. I also felt bad about choosing a higher level after thinking about it for some time.",NA,NA,NA,NA,NA
2024020809-02,2024020809,2,10,21,2,0,3,1,0,6,6,"Sometimes it was determined by their response or their mood, if they were annoyed I didn’t want to do another loud one",3.473684211,4.1,4.941176471,4.625,FALSE
2024020809-01,2024020809,1,10,20,1,0,3,3,0,6,6,Yes I little bit,3.5,3.166666667,4.307692308,3,TRUE
2024020811-02,2024020811,2,0,20,2,0,3,1,0,10,6,"I felt bad when he was being nice to me with 1’s, I felt that it took away some possible competitiveness. As it wasn’t as fast-paced I felt a bit bored and therefore wanted to try louder levels for fun.",2.2,3,1.647058824,3,TRUE
2024020811-01,2024020811,1,0,21,1,0,3,1,0,10,7,No it didnt change at all what I put in the 10 seconds waiting. 10 seconds weren't enough to frustrate me. I was not frustrated either to use the time to clam down. No it was not affected at all.,1.96,3.125,1.538461538,2.5,FALSE
2024020816-01,2024020816,1,0,20,1,0,3,1,0,4,7,"Anticipating going again, thinking in the back of my mind what she gave to me previously/ overall… while also trying to make light of it/ make it fun… felt like she didn’t go higher than 4 very often, so I mirrored that.",NA,NA,NA,NA,NA
2024020816-02,2024020816,2,0,19,2,0,3,1,0,4,6,"The blast level I chose to give was most of the time arbitrary, just alternating between 1, 2, 3, and ocassionally 4. I primarily felt eager to move onto the next round during the forced break. There were a couple of times that my blast level was influenced by my partner’s previous response, for instance when I received a 4 I would respond with the same (out of good humour though)",NA,NA,NA,NA,NA
2024020911-02,2024020911,2,10,22,2,1,3,1,0,41,5,Yes it was determined by the partners response a lot of the time as I was more likely to mirror his behaviour towards me. It was also influenced by feelings such as after I gave 8 many times I felt that was mean so I then did 1. I also think humour played a role as often I know me and my partner would laugh about the 8 rather than take it to heart so it was like a joke,6.49122807,8,6.5,NA,TRUE
2024020912-01,2024020912,1,10,23,1,0,2,1,0,41,7,"Yes I usually used at least one loud blast in response to her loud blasts, sometimes more than one. I found that if I won a few in a row I felt happier to give quieter blasts. I wouldn't say I gave the blasts much thought, I usually justput the first number that came to mind. During the game I felt it was all light-hearted and did not feel particularly annoyed or upset by loud blasts I received.",NA,NA,NA,NA,NA
2024020913-01,2024020913,1,10,22,1,0,3,1,0,19,6,The blast level was sometimes determined by my patterns response. I did not go above 3/4 for most of it since my partner was only giving blast levels of 1/2 so it was very unfair and most of the time I would choose to do 1/2,2.833333333,3.272727273,3,3.571428571,TRUE
2024020913-02,2024020913,2,10,22,2,0,3,1,0,19,7,My blast level was largely determined by the fact I know he doesn’t like loud noises so I didn’t want to make him uncomfortable but when he teased me about being on the moral high ground always going for 1 I increased it to 2 or 3,1.777777778,1.947368421,2.571428571,2.777777778,FALSE
2024020914-02,2024020914,2,0,19,1,0,NA,1,0,15,6,I didn’t usually need 10 seconds. My blast level was determined a lot by my partners,3.888888889,3.8,3.833333333,3.333333333,FALSE
2024020914-01,2024020914,1,0,19,2,0,3,1,0,15,7,"I already knew what i would put sometimes based on my partners reaction to me winning, or based on their previous response without the 10 seconds",4.375,3.833333333,4.583333333,4.25,TRUE
2024020915-02,2024020915,2,0,20,2,0,3,1,0,16,5,"It was definitely determined by my partner’s previous response — if he had been a bit cocky or had given me a loud blast I felt it was more justified for me to give him a loud blast as well. The forced break made me look into his eyes more and be reminded of the love between us, so I often felt like I just wanted to give him a 1.",2.785714286,1,3.4,NA,FALSE
2024020915-01,2024020915,1,0,23,1,0,3,1,0,16,6,"Mostly happy, it was fun to play and I wasn’t particularly scared about what my partner would do as the noises weren’t too bad. My blast level was determined by her response, if she gave me a high one my next one was likely high and vice versa",3.3125,4.333333333,3.2,4.333333333,TRUE
2024020916-01,2024020916,1,10,21,1,1,NA,1,1,24,7,"Somewhat dependent on the last response, most of the time I thought to keep the noise fairly low (I. E below 5-6) and just go between 1-4 for fun",3.25,1,3.25,1,TRUE
2024020916-02,2024020916,2,10,20,2,0,NA,1,1,24,6,"My blast level was mainly détermined by how I felt at the time - I had experienced the 8 during the test run in the beginning, so didn’t want to make him experience it. I did try some of the higher ones (5 and 6) just to see, but after doing it once or twice I didn’t want to keep going. The less uncomfortable ones seemed like the nicer option. I probably would have tried the higher ones a bit more if he had, but only if I felt like it was proportional to his choices. And I still wouldn’t have wanted to make him uncomfortable.",3.2,1,3.2,1,FALSE
2024021212-02,2024021212,2,10,24,2,0,1,1,0,40,7,"I didn’t want to hurt his ears! We were both sending each other 1s the whole time. I guess it either of us had escalated, I might’ve sent higher blasts.",NA,NA,NA,NA,NA
2024021212-01,2024021212,1,10,23,1,0,NA,1,0,40,7,I’d committed to pressing 1 each time before starting the experiment. I would have kept pressing one even if they had gone louder.,NA,NA,NA,NA,NA
2024021214-02,2024021214,2,0,19,2,0,3,1,1,15,6,I felt guilty cause i kept giving him pretty bad ones but never gave me above 5 except once. but also i just didn’t want to hurt him very much either by playing a loud noise but i wanted to see if he would return a loud noise if i sent one. I felt more comfortable sending a high ranked blast if he had just sent one,3.838709677,4.125,4.176470588,4.454545455,TRUE
2024021214-01,2024021214,1,0,19,1,0,3,3,1,15,7,I just thought of a random number  without any reason. Sometimes i’d pick a number based on my own last choice,2.793103448,3.352941176,3.153846154,3.833333333,FALSE
2024021216-01,2024021216,1,0,19,1,1,3,1,0,15,5,"I think sometimes if my partner put a high blast I was tempted to respond with a high one as well, but I think I just tried to be humorous with my selection more than anything else.",NA,NA,NA,NA,NA
2024021216-02,2024021216,2,0,19,2,1,3,1,0,15,5,Yes it was also determined by how I wanted to be treated if I lost the next round. But when I was winning over and over again I put the lowest one because I wouldn't want to cause discomfort for no reason.,NA,NA,NA,NA,NA
2024021511-02,2024021511,2,10,19,2,0,3,1,0,8,7,I felt annoyed when I saw he had chosen a high number for no apparent reason. My level was definitely determined by his previous one if I felt it was too high. Anything above three felt mean on my part. When I had won I felt much more excitement.,NA,NA,NA,NA,NA
2024021511-01,2024021511,1,10,20,1,0,3,1,0,8,7,Yes blast level was determined by previous response and by their most recent reaction to winning. The forced was frustrating and it was better without it. The ability to send a blast without the partner seeing what level it would be in the first round (by typing a number and pressing enter immediately) meant that I was more likely to give a higher blast level in the first round than in the second when they could see what was coming.,NA,NA,NA,NA,NA
2024021513-02,2024021513,2,0,21,2,0,3,1,0,5,7,I would see no reason to go above one if one is an option,NA,NA,NA,NA,NA
2024021513-01,2024021513,1,0,23,1,0,3,1,0,5,7,"Very cheery and chatty. I don’t want to cause discomfort for her. Just hanging out like normal, no provocation. Competitive to win but not so much that it would cause frustration to lose.",NA,NA,NA,NA,NA
2024021515-02,2024021515,2,10,19,2,0,3,1,0,4,1,"Not really, I chose to determine the blast level based on how I was feeing",3.2,3.066666667,3.294117647,3.076923077,FALSE
2024021515-01,2024021515,1,10,20,1,1,3,1,0,4,6,"In the first round, I often debated whether to give an 8 as I had received an 8 in the testing stage. In the second round, I don’t believe I gave above a 5 until the last round where I gave an 8 after being given a 7.",3.833333333,3,4.230769231,3.5,TRUE
2024021612-02,2024021612,2,10,20,2,0,3,1,1,4,7,Yes totally. Felt great after winning and wanted to institute a sex ban when I lost or if he blasted me above 3.,NA,NA,NA,NA,NA
2024021612-01,2024021612,1,10,20,1,0,NA,1,1,4,7,Yes,NA,NA,NA,NA,NA
2024021614-01,2024021614,1,0,21,1,0,3,1,1,11,5,I tried to get a treat and build up blast level by one each time. But was a little bit determined based on previous response or if I hadn’t won for a while I felt more inclined to hit a higher level.,4.434782609,5.75,4.454545455,5.5,TRUE
2024021614-02,2024021614,2,0,19,2,0,3,1,1,11,7,It was decided a bit on their last response as a kind of tit for tat but also just because it was quite funny to play with each other with the louder noises only sometimes,3.638888889,4.75,4.421052632,4.571428571,FALSE
2024021912-02,2024021912,2,0,19,2,1,3,4,0,11,7,I would definitely say at times I felt sorry for him which is why I decided to go lower and then higher. I also think he had more time to sort of distract me from the game and feel more sympathetic towards him so I was not just repeatedly pressing 5-8s. Without the breaks it felt very time dependent and rushed and very competitive in comparison to the breaks which allowed for me to realise that ‘player 1’ is actually my partner and I shouldn’t be destroying his eardrums,5.481481481,6,6.777777778,5.666666667,TRUE
2024021912-01,2024021912,1,0,18,1,0,3,1,0,11,7,"I would largely say that my blast level was not very determined by my partners level, as often she would do a few high ones and I would still do a low one. Although as soon as she said her ears were ringing I did a 1 straight away which I suppose was reactionary. I quite liked the 10 seconds as it gave us a chance to talk about the game!",3.151515152,2.5,3.19047619,3.25,FALSE
2024021913-01,2024021913,1,10,21,2,1,3,1,0,10,7,I just did it on what they wanted and kept to low levels.,2.148148148,2.5,2.7,2,FALSE
2024021913-02,2024021913,2,10,20,2,0,3,1,0,10,7,"I didn’t want to give a very large blast level to my partner, and the decision was based on both that fact and the expressions of her face - not so much the prior response, but the current expression.",2.606060606,3,2.75,3.333333333,TRUE
2024021914-01,2024021914,1,10,60,2,0,6,1,1,100,5,Partly and not wanting to cause him discomfort,3.576923077,3.882352941,3.625,3.909090909,FALSE
2024021914-02,2024021914,2,10,62,1,0,6,1,1,100,7,"No, I had no reason o select anything other than the mid-range",4,4,4,4,TRUE
2024021915-01,2024021915,1,10,20,1,1,3,4,1,12,7,"Yes, if he was laughing i gave him an 8, however if I kept winning i gave him a lower number.",7.65,8,8,8,TRUE
2024021915-02,2024021915,2,10,20,1,0,3,1,1,12,6,"It was a great moment to share a laugh and look at one another. I felt like there was a fun back and forth energy that was irresistible to partake in, like perhaps a fun game and such",7.21875,7.1,7.3,6.25,FALSE
2024022009-02,2024022009,2,0,19,1,0,2,1,0,11,7,I felt fear in the anticipation of getting a loud blast from my girlfriend  (she was faster than me 70%of the time) when it was me who won i felt temptation to do a loud blast but also wanted to be kind and give a gentle one. If she had just hiven me a loud blast i felt more tempted to do the same,3.769230769,4.75,4.571428571,5.666666667,FALSE
2024022009-01,2024022009,1,0,21,2,0,3,5,0,11,7,"My answer was dictated by my partner’s previous blast level response. If they did lots of high levels, then I was more likely to do a high one. I never did 8, felt too cruel but typed it on the screen a couple of times so they could see the number. Nearer the end my blast levels decreased as my partner’s in person reaction made me feel too harsh giving a high level",4.911764706,5.9375,5.625,6.625,TRUE
2024022014-02,2024022014,2,10,21,2,0,3,1,1,4,7,"I often would not wait the full 10 seconds before deciding what blast level. I started very low level, but the more I lost and the more I got blasted the higher the number I would give. Until I remembered that I love this person and I don’t need to prove anything. So I started to go lower towards the end of the game. And winning mattered less to me when I kind of realized that it was okay to lose.",6.103448276,5.7,5.153846154,5.6,TRUE
2024022014-01,2024022014,1,10,20,1,0,3,1,1,4,7,"Inconsistent thoughts. I was having fun, it was jokingly competitive, so it was random. Most responses were humorous in some way, I was playing with different combinations/ reasons for choosing high levels. I eased into the high numbers, and didn’t want to overdo it at first. By the end, it felt a bit like an arms race and ‘revenge’ with my high number inputs, but not in a serious way. It always get fun and joke-y.",5.737704918,5.5,5.058823529,8,FALSE
2024022015-02,2024022015,2,10,21,2,1,3,1,0,11,5,I felt happy I had won the round but didn’t want to blast his ears loudly,1.404255319,1.166666667,2.153846154,1,FALSE
2024022015-01,2024022015,1,10,21,1,0,3,1,0,11,1,Didn’t want it to be too loud for her,1.76744186,3,2.588235294,2,TRUE